provincia,local,ano,semana,casos,doenca
MAPUTO CIDADE,Comunidade Mavalene,2025,WK29,27,ira
MAPUTO CIDADE,Comunidade Mavalene,2025,WK30,62,ira
MAPUTO CIDADE,Comunidade Mavalene,2025,WK31,78,ira
MAPUTO CIDADE,Comunidade Mavalene,2025,WK32,73,ira
MAPUTO CIDADE,Comunidade Mavalene,2025,WK33,68,ira
MAPUTO CIDADE,Comunidade Mavalene,2025,WK34,52,ira
MAPUTO CIDADE,Comunidade Mavalene,2025,WK35,44,ira
MAPUTO CIDADE,Comunidade Mavalene,2025,WK36,52,ira
MAPUTO CIDADE,Comunidade Mavalene,2025,WK37,28,ira
MAPUTO CIDADE,Comunidade Mavalene,2025,WK38,49,ira
MAPUTO CIDADE,Comunidade Mavalene,2025,WK39,42,ira
MAPUTO CIDADE,Comunidade Mavalene,2025,WK40,33,ira
MAPUTO CIDADE,Comunidade Mavalene,2025,WK41,40,ira
MAPUTO CIDADE,Comunidade Mavalene,2025,WK42,47,ira
MAPUTO CIDADE,Comunidade Mavalene,2025,WK43,37,ira
MAPUTO CIDADE,Comunidade Mavalene,2025,WK44,29,ira
MAPUTO CIDADE,Comunidade Mavalene,2025,WK45,34,ira
MAPUTO CIDADE,Comunidade Mavalene,2025,WK46,20,ira
MAPUTO CIDADE,Comunidade Mavalene,2025,WK47,25,ira
MAPUTO CIDADE,Comunidade Mavalene,2025,WK48,16,ira
MAPUTO CIDADE,Comunidade Mavalene,2025,WK49,24,ira
MAPUTO CIDADE,Comunidade Mavalene,2025,WK50,23,ira
MAPUTO CIDADE,Comunidade Mavalene,2025,WK51,43,ira
MAPUTO CIDADE,Comunidade Mavalene,2025,WK52,12,ira
MAPUTO CIDADE,Comunidade Mavalene,2026,WK1,11,ira
MAPUTO CIDADE,Comunidade Mavalene,2026,WK2,35,ira
MAPUTO CIDADE,Comunidade Mavalene,2026,WK3,8,ira
MAPUTO CIDADE,Comunidade Mavalene,2026,WK4,28,ira
MAPUTO CIDADE,Comunidade Mavalene,2026,WK5,23,ira
MAPUTO CIDADE,Comunidade Mavalene,2026,WK6,34,ira
MAPUTO CIDADE,Comunidade Mavalene,2026,WK7,32,ira
MAPUTO CIDADE,Comunidade Mavalene,2026,WK8,24,ira
MAPUTO CIDADE,CS Mavalane,2026,WK1,263,ira
MAPUTO CIDADE,HG Mavalane,2026,WK1,0,ira
MAPUTO CIDADE,CS Mavalane,2026,WK2,294,ira
MAPUTO CIDADE,HG Mavalane,2026,WK2,17,ira
MAPUTO CIDADE,CS Mavalane,2025,WK26,115,ira
MAPUTO CIDADE,HG Mavalane,2025,WK26,12,ira
MAPUTO CIDADE,CS Mavalane,2025,WK27,259,ira
MAPUTO CIDADE,HG Mavalane,2025,WK27,12,ira
MAPUTO CIDADE,CS Mavalane,2025,WK28,291,ira
MAPUTO CIDADE,HG Mavalane,2025,WK28,12,ira
MAPUTO CIDADE,CS Mavalane,2025,WK29,205,ira
MAPUTO CIDADE,HG Mavalane,2025,WK29,13,ira
MAPUTO CIDADE,CS Mavalane,2026,WK3,233,ira
MAPUTO CIDADE,HG Mavalane,2026,WK3,21,ira
MAPUTO CIDADE,CS Mavalane,2025,WK30,201,ira
MAPUTO CIDADE,HG Mavalane,2025,WK30,4,ira
MAPUTO CIDADE,CS Mavalane,2025,WK31,152,ira
MAPUTO CIDADE,HG Mavalane,2025,WK31,10,ira
MAPUTO CIDADE,CS Mavalane,2025,WK32,168,ira
MAPUTO CIDADE,HG Mavalane,2025,WK32,9,ira
MAPUTO CIDADE,CS Mavalane,2025,WK33,185,ira
MAPUTO CIDADE,HG Mavalane,2025,WK33,14,ira
MAPUTO CIDADE,CS Mavalane,2025,WK34,204,ira
MAPUTO CIDADE,HG Mavalane,2025,WK34,12,ira
MAPUTO CIDADE,CS Mavalane,2025,WK35,176,ira
MAPUTO CIDADE,HG Mavalane,2025,WK35,18,ira
MAPUTO CIDADE,CS Mavalane,2025,WK36,189,ira
MAPUTO CIDADE,HG Mavalane,2025,WK36,13,ira
MAPUTO CIDADE,CS Mavalane,2025,WK37,136,ira
MAPUTO CIDADE,HG Mavalane,2025,WK37,9,ira
MAPUTO CIDADE,CS Mavalane,2025,WK38,230,ira
MAPUTO CIDADE,HG Mavalane,2025,WK38,10,ira
MAPUTO CIDADE,CS Mavalane,2025,WK39,196,ira
MAPUTO CIDADE,HG Mavalane,2025,WK39,15,ira
MAPUTO CIDADE,CS Mavalane,2026,WK4,339,ira
MAPUTO CIDADE,HG Mavalane,2026,WK4,13,ira
MAPUTO CIDADE,CS Mavalane,2025,WK40,214,ira
MAPUTO CIDADE,HG Mavalane,2025,WK40,8,ira
MAPUTO CIDADE,CS Mavalane,2025,WK41,293,ira
MAPUTO CIDADE,HG Mavalane,2025,WK41,9,ira
MAPUTO CIDADE,CS Mavalane,2025,WK42,284,ira
MAPUTO CIDADE,HG Mavalane,2025,WK42,12,ira
MAPUTO CIDADE,CS Mavalane,2025,WK43,354,ira
MAPUTO CIDADE,HG Mavalane,2025,WK43,6,ira
MAPUTO CIDADE,CS Mavalane,2025,WK44,293,ira
MAPUTO CIDADE,HG Mavalane,2025,WK44,12,ira
MAPUTO CIDADE,CS Mavalane,2025,WK45,373,ira
MAPUTO CIDADE,HG Mavalane,2025,WK45,10,ira
MAPUTO CIDADE,CS Mavalane,2025,WK46,354,ira
MAPUTO CIDADE,HG Mavalane,2025,WK46,20,ira
MAPUTO CIDADE,CS Mavalane,2025,WK47,318,ira
MAPUTO CIDADE,HG Mavalane,2025,WK47,8,ira
MAPUTO CIDADE,CS Mavalane,2025,WK48,392,ira
MAPUTO CIDADE,HG Mavalane,2025,WK48,6,ira
MAPUTO CIDADE,CS Mavalane,2025,WK49,330,ira
MAPUTO CIDADE,HG Mavalane,2025,WK49,4,ira
MAPUTO CIDADE,CS Mavalane,2026,WK5,356,ira
MAPUTO CIDADE,HG Mavalane,2026,WK5,21,ira
MAPUTO CIDADE,CS Mavalane,2025,WK50,235,ira
MAPUTO CIDADE,HG Mavalane,2025,WK50,15,ira
MAPUTO CIDADE,CS Mavalane,2025,WK51,411,ira
MAPUTO CIDADE,HG Mavalane,2025,WK51,0,ira
MAPUTO CIDADE,CS Mavalane,2025,WK52,334,ira
MAPUTO CIDADE,HG Mavalane,2025,WK52,6,ira
MAPUTO CIDADE,CS Mavalane,2026,WK6,459,ira
MAPUTO CIDADE,HG Mavalane,2026,WK6,18,ira
MAPUTO CIDADE,CS Mavalane,2026,WK7,404,ira
MAPUTO CIDADE,HG Mavalane,2026,WK7,20,ira
MAPUTO CIDADE,CS Mavalane,2026,WK8,376,ira
MAPUTO CIDADE,HG Mavalane,2026,WK8,24,ira
MAPUTO CIDADE,CS Mavalane,2026,WK9,213,ira
MAPUTO CIDADE,HG Mavalane,2026,WK9,18,ira
MAPUTO CIDADE,Hospital Zimpeto,2025,Wk1,54,ira
MAPUTO CIDADE,Hospital Zimpeto,2025,WK2,52,ira
MAPUTO CIDADE,Hospital Zimpeto,2025,WK3,48,ira
MAPUTO CIDADE,Hospital Zimpeto,2025,WK4,48,ira
MAPUTO CIDADE,Hospital Zimpeto,2025,WK5,125,ira
MAPUTO CIDADE,Hospital Zimpeto,2025,WK6,142,ira
MAPUTO CIDADE,Hospital Zimpeto,2025,WK7,169,ira
MAPUTO CIDADE,Hospital Zimpeto,2025,WK8,134,ira
MAPUTO CIDADE,Hospital Zimpeto,2025,WK9,139,ira
MAPUTO CIDADE,Hospital Zimpeto,2025,WK10,115,ira
MAPUTO CIDADE,Hospital Zimpeto,2025,WK11,83,ira
MAPUTO CIDADE,Hospital Zimpeto,2025,WK12,229,ira
MAPUTO CIDADE,Hospital Zimpeto,2025,WK13,196,ira
MAPUTO CIDADE,Hospital Zimpeto,2025,WK14,298,ira
MAPUTO CIDADE,Hospital Zimpeto,2025,WK15,263,ira
MAPUTO CIDADE,Hospital Zimpeto,2025,WK16,230,ira
MAPUTO CIDADE,Hospital Zimpeto,2025,WK17,282,ira
MAPUTO CIDADE,Hospital Zimpeto,2025,WK18,353,ira
MAPUTO CIDADE,Hospital Zimpeto,2025,WK19,553,ira
MAPUTO CIDADE,Hospital Zimpeto,2025,WK20,541,ira
MAPUTO CIDADE,Hospital Zimpeto,2025,WK21,445,ira
MAPUTO CIDADE,Hospital Zimpeto,2025,WK22,667,ira
MAPUTO CIDADE,Hospital Zimpeto,2025,WK23,621,ira
MAPUTO CIDADE,Hospital Zimpeto,2025,WK24,724,ira
MAPUTO CIDADE,Hospital Zimpeto,2025,WK25,651,ira
MAPUTO CIDADE,Hospital Zimpeto,2025,WK26,554,ira
MAPUTO CIDADE,Hospital Zimpeto,2025,WK27,613,ira
MAPUTO CIDADE,Hospital Zimpeto,2025,WK28,685,ira
MAPUTO CIDADE,Hospital Zimpeto,2025,WK29,680,ira
MAPUTO CIDADE,Hospital Zimpeto,2025,WK30,641,ira
MAPUTO CIDADE,Hospital Zimpeto,2025,WK31,595,ira
MAPUTO CIDADE,Hospital Zimpeto,2025,WK32,753,ira
MAPUTO CIDADE,Hospital Zimpeto,2025,WK33,635,ira
MAPUTO CIDADE,Hospital Zimpeto,2025,WK34,668,ira
MAPUTO CIDADE,Hospital Zimpeto,2025,WK35,601,ira
MAPUTO CIDADE,Hospital Zimpeto,2025,WK36,634,ira
MAPUTO CIDADE,Hospital Zimpeto,2025,WK37,740,ira
MAPUTO CIDADE,Hospital Zimpeto,2025,WK38,610,ira
MAPUTO CIDADE,Hospital Zimpeto,2025,WK39,569,ira
MAPUTO CIDADE,Hospital Zimpeto,2025,WK40,660,ira
MAPUTO CIDADE,Hospital Zimpeto,2025,WK41,751,ira
MAPUTO CIDADE,Hospital Zimpeto,2025,WK42,699,ira
MAPUTO CIDADE,Hospital Zimpeto,2025,WK43,711,ira
MAPUTO CIDADE,Hospital Zimpeto,2025,WK44,585,ira
MAPUTO CIDADE,Hospital Zimpeto,2025,WK45,908,ira
MAPUTO CIDADE,Hospital Zimpeto,2025,WK46,930,ira
MAPUTO CIDADE,Hospital Zimpeto,2025,WK47,729,ira
MAPUTO CIDADE,Hospital Zimpeto,2025,WK48,742,ira
MAPUTO CIDADE,Hospital Zimpeto,2025,WK49,729,ira
MAPUTO CIDADE,Hospital Zimpeto,2025,WK50,555,ira
MAPUTO CIDADE,Hospital Zimpeto,2025,WK51,744,ira
MAPUTO CIDADE,Hospital Zimpeto,2025,WK52,541,ira
MAPUTO CIDADE,Hospital Zimpeto,2026,WK1,379,ira
MAPUTO CIDADE,Hospital Zimpeto,2026,WK2,648,ira
MAPUTO CIDADE,Hospital Zimpeto,2026,WK3,577,ira
MAPUTO CIDADE,Hospital Zimpeto,2026,WK4,639,ira
MAPUTO CIDADE,Hospital Zimpeto,2026,WK5,529,ira
MAPUTO CIDADE,Hospital Zimpeto,2026,WK6,523,ira
MAPUTO CIDADE,Hospital Zimpeto,2026,WK7,447,ira
MAPUTO CIDADE,Hospital Zimpeto,2026,WK8,598,ira
MAPUTO CIDADE,Comunidade Zimpeto,2025,WK8,20,ira
MAPUTO CIDADE,Comunidade Zimpeto,2025,WK9,27,ira
MAPUTO CIDADE,Comunidade Zimpeto,2025,WK10,17,ira
MAPUTO CIDADE,Comunidade Zimpeto,2025,WK11,20,ira
MAPUTO CIDADE,Comunidade Zimpeto,2025,WK12,24,ira
MAPUTO CIDADE,Comunidade Zimpeto,2025,WK13,34,ira
MAPUTO CIDADE,Comunidade Zimpeto,2025,WK14,19,ira
MAPUTO CIDADE,Comunidade Zimpeto,2025,WK15,42,ira
MAPUTO CIDADE,Comunidade Zimpeto,2025,WK16,30,ira
MAPUTO CIDADE,Comunidade Zimpeto,2025,WK17,41,ira
MAPUTO CIDADE,Comunidade Zimpeto,2025,WK18,26,ira
MAPUTO CIDADE,Comunidade Zimpeto,2025,WK19,0,ira
MAPUTO CIDADE,Comunidade Zimpeto,2025,WK20,36,ira
MAPUTO CIDADE,Comunidade Zimpeto,2025,WK21,55,ira
MAPUTO CIDADE,Comunidade Zimpeto,2025,WK22,31,ira
MAPUTO CIDADE,Comunidade Zimpeto,2025,WK23,38,ira
MAPUTO CIDADE,Comunidade Zimpeto,2025,WK24,47,ira
MAPUTO CIDADE,Comunidade Zimpeto,2025,WK25,39,ira
MAPUTO CIDADE,Comunidade Zimpeto,2025,WK26,64,ira
MAPUTO CIDADE,Comunidade Zimpeto,2025,WK27,77,ira
MAPUTO CIDADE,Comunidade Zimpeto,2025,WK28,89,ira
MAPUTO CIDADE,Comunidade Zimpeto,2025,WK29,66,ira
MAPUTO CIDADE,Comunidade Zimpeto,2025,WK30,54,ira
MAPUTO CIDADE,Comunidade Zimpeto,2025,WK31,80,ira
MAPUTO CIDADE,Comunidade Zimpeto,2025,WK32,65,ira
MAPUTO CIDADE,Comunidade Zimpeto,2025,WK33,71,ira
MAPUTO CIDADE,Comunidade Zimpeto,2025,WK34,74,ira
MAPUTO CIDADE,Comunidade Zimpeto,2025,WK35,56,ira
MAPUTO CIDADE,Comunidade Zimpeto,2025,WK36,47,ira
MAPUTO CIDADE,Comunidade Zimpeto,2025,WK37,39,ira
MAPUTO CIDADE,Comunidade Zimpeto,2025,WK38,47,ira
MAPUTO CIDADE,Comunidade Zimpeto,2025,WK39,39,ira
MAPUTO CIDADE,Comunidade Zimpeto,2025,WK40,36,ira
MAPUTO CIDADE,Comunidade Zimpeto,2025,WK41,46,ira
MAPUTO CIDADE,Comunidade Zimpeto,2025,WK42,34,ira
MAPUTO CIDADE,Comunidade Zimpeto,2025,WK43,31,ira
MAPUTO CIDADE,Comunidade Zimpeto,2025,WK44,25,ira
MAPUTO CIDADE,Comunidade Zimpeto,2025,WK45,27,ira
MAPUTO CIDADE,Comunidade Zimpeto,2025,WK46,22,ira
MAPUTO CIDADE,Comunidade Zimpeto,2025,WK47,34,ira
MAPUTO CIDADE,Comunidade Zimpeto,2025,WK48,14,ira
MAPUTO CIDADE,Comunidade Zimpeto,2025,WK49,25,ira
MAPUTO CIDADE,Comunidade Zimpeto,2025,WK50,22,ira
MAPUTO CIDADE,Comunidade Zimpeto,2025,WK51,29,ira
MAPUTO CIDADE,Comunidade Zimpeto,2025,WK52,8,ira
MAPUTO CIDADE,Comunidade Zimpeto,2026,WK1,9,ira
MAPUTO CIDADE,Comunidade Zimpeto,2026,WK2,9,ira
MAPUTO CIDADE,Comunidade Zimpeto,2026,WK3,37,ira
MAPUTO CIDADE,Comunidade Zimpeto,2026,WK4,20,ira
MAPUTO CIDADE,Comunidade Zimpeto,2026,WK5,25,ira
MAPUTO CIDADE,Comunidade Zimpeto,2026,WK6,23,ira
MAPUTO CIDADE,Comunidade Zimpeto,2026,WK7,33,ira
MAPUTO CIDADE,Comunidade Zimpeto,2026,WK8,27,ira
TETE,Hospital Tete,2025,WK32,35,ira
TETE,Hospital Tete,2025,WK33,21,ira
TETE,Hospital Tete,2025,WK34,25,ira
TETE,Hospital Tete,2025,WK35,27,ira
TETE,Hospital Tete,2025,WK36,30,ira
TETE,Hospital Tete,2025,WK37,14,ira
TETE,Hospital Tete,2025,WK38,16,ira
TETE,Hospital Tete,2025,WK39,14,ira
TETE,Hospital Tete,2025,WK40,10,ira
TETE,Hospital Tete,2025,WK41,17,ira
TETE,Hospital Tete,2025,WK42,10,ira
TETE,Hospital Tete,2025,WK43,7,ira
TETE,Hospital Tete,2025,WK44,7,ira
TETE,Hospital Tete,2025,WK45,19,ira
TETE,Hospital Tete,2025,WK46,20,ira
TETE,Hospital Tete,2025,WK47,7,ira
TETE,Hospital Tete,2025,WK48,3,ira
TETE,Hospital Tete,2025,WK49,8,ira
TETE,Hospital Tete,2025,WK50,15,ira
TETE,Hospital Tete,2025,WK51,8,ira
TETE,Hospital Tete,2025,WK52,14,ira
TETE,Hospital Tete,2026,WK1,7,ira
TETE,Hospital Tete,2026,WK2,8,ira
TETE,Hospital Tete,2026,WK3,4,ira
TETE,Hospital Tete,2026,WK4,7,ira
TETE,Hospital Tete,2026,WK6,15,ira
TETE,Hospital Tete,2026,WK7,10,ira
TETE,Hospital Tete,2026,WK8,14,ira
TETE,Hospital Tete,2026,WK9,18,ira
TETE,Comunidade Tete,2025,WK32,5,ira
TETE,Comunidade Tete,2025,WK33,22,ira
TETE,Comunidade Tete,2025,WK34,11,ira
TETE,Comunidade Tete,2025,WK35,26,ira
TETE,Comunidade Tete,2025,WK36,16,ira
TETE,Comunidade Tete,2025,WK37,6,ira
TETE,Comunidade Tete,2025,WK38,24,ira
TETE,Comunidade Tete,2025,WK39,52,ira
TETE,Comunidade Tete,2025,WK40,40,ira
TETE,Comunidade Tete,2025,WK41,55,ira
TETE,Comunidade Tete,2025,WK42,73,ira
TETE,Comunidade Tete,2025,WK43,65,ira
TETE,Comunidade Tete,2025,WK44,53,ira
TETE,Comunidade Tete,2025,WK45,50,ira
TETE,Comunidade Tete,2025,WK46,52,ira
TETE,Comunidade Tete,2025,WK47,80,ira
TETE,Comunidade Tete,2025,WK48,62,ira
TETE,Comunidade Tete,2025,WK49,64,ira
TETE,Comunidade Tete,2025,WK50,51,ira
TETE,Comunidade Tete,2025,WK51,59,ira
TETE,Comunidade Tete,2025,WK52,11,ira
TETE,Comunidade Tete,2026,WK1,30,ira
TETE,Comunidade Tete,2026,WK2,9,ira
TETE,Comunidade Tete,2026,WK3,26,ira
TETE,Comunidade Tete,2026,WK4,0,ira
TETE,Comunidade Tete,2026,WK5,10,ira
TETE,Comunidade Tete,2026,WK6,24,ira
TETE,Comunidade Tete,2026,WK7,19,ira
TETE,Comunidade Tete,2026,WK8,33,ira
ZAMBEZIA,Hospital Quelimane,2025,WK42,35,ira
ZAMBEZIA,Hospital Quelimane,2025,WK43,36,ira
ZAMBEZIA,Hospital Quelimane,2025,WK44,48,ira
ZAMBEZIA,Hospital Quelimane,2025,WK45,46,ira
ZAMBEZIA,Hospital Quelimane,2025,WK46,55,ira
ZAMBEZIA,Hospital Quelimane,2025,WK47,22,ira
ZAMBEZIA,Hospital Quelimane,2025,WK48,31,ira
ZAMBEZIA,Hospital Quelimane,2025,WK49,18,ira
ZAMBEZIA,Hospital Quelimane,2025,WK50,81,ira
ZAMBEZIA,Hospital Quelimane,2025,WK51,66,ira
ZAMBEZIA,Hospital Quelimane,2025,WK52,63,ira
ZAMBEZIA,Hospital Quelimane,2026,WK1,80,ira
ZAMBEZIA,Hospital Quelimane,2026,WK2,128,ira
ZAMBEZIA,Hospital Quelimane,2026,WK3,57,ira
ZAMBEZIA,Hospital Quelimane,2026,WK4,68,ira
ZAMBEZIA,Hospital Quelimane,2026,WK5,33,ira
ZAMBEZIA,Hospital Quelimane,2026,WK6,33,ira
ZAMBEZIA,Hospital Quelimane,2026,WK7,16,ira
ZAMBEZIA,Hospital Quelimane,2026,WK8,41,ira
ZAMBEZIA,Hospital Quelimane,2026,WK9,36,ira
ZAMBEZIA,Comunidade Quelimane,2025,WK42,30,ira
ZAMBEZIA,Comunidade Quelimane,2025,WK43,67,ira
ZAMBEZIA,Comunidade Quelimane,2025,WK44,65,ira
ZAMBEZIA,Comunidade Quelimane,2025,WK45,43,ira
ZAMBEZIA,Comunidade Quelimane,2025,WK46,29,ira
ZAMBEZIA,Comunidade Quelimane,2025,WK47,5,ira
ZAMBEZIA,Comunidade Quelimane,2025,WK48,19,ira
ZAMBEZIA,Comunidade Quelimane,2025,WK49,43,ira
ZAMBEZIA,Comunidade Quelimane,2025,WK50,36,ira
ZAMBEZIA,Comunidade Quelimane,2025,WK51,39,ira
ZAMBEZIA,Comunidade Quelimane,2025,WK52,25,ira
ZAMBEZIA,Comunidade Quelimane,2026,WK1,9,ira
ZAMBEZIA,Comunidade Quelimane,2026,WK2,30,ira
ZAMBEZIA,Comunidade Quelimane,2026,WK3,26,ira
ZAMBEZIA,Comunidade Quelimane,2026,WK4,36,ira
ZAMBEZIA,Comunidade Quelimane,2026,WK5,18,ira
ZAMBEZIA,Comunidade Quelimane,2026,WK6,28,ira
ZAMBEZIA,Comunidade Quelimane,2026,WK7,15,ira
ZAMBEZIA,Comunidade Quelimane,2026,WK8,23,ira
MAPUTO CIDADE,Hospital Zimpeto,2025,Wk1,,colera
MAPUTO CIDADE,Hospital Zimpeto,2025,WK2,,colera
MAPUTO CIDADE,Hospital Zimpeto,2025,WK3,,colera
MAPUTO CIDADE,Hospital Zimpeto,2025,WK4,,colera
MAPUTO CIDADE,Hospital Zimpeto,2025,WK5,35,colera
MAPUTO CIDADE,Hospital Zimpeto,2025,WK6,22,colera
MAPUTO CIDADE,Hospital Zimpeto,2025,WK7,34,colera
MAPUTO CIDADE,Hospital Zimpeto,2025,WK8,,colera
MAPUTO CIDADE,Hospital Zimpeto,2025,WK9,20,colera
MAPUTO CIDADE,Hospital Zimpeto,2025,WK10,,colera
MAPUTO CIDADE,Hospital Zimpeto,2025,WK11,,colera
MAPUTO CIDADE,Hospital Zimpeto,2025,WK12,,colera
MAPUTO CIDADE,Hospital Zimpeto,2025,WK13,,colera
MAPUTO CIDADE,Hospital Zimpeto,2025,WK14,,colera
MAPUTO CIDADE,Hospital Zimpeto,2025,WK15,,colera
MAPUTO CIDADE,Hospital Zimpeto,2025,WK16,,colera
MAPUTO CIDADE,Hospital Zimpeto,2025,WK17,,colera
MAPUTO CIDADE,Hospital Zimpeto,2025,WK18,25,colera
MAPUTO CIDADE,Hospital Zimpeto,2025,WK19,34,colera
MAPUTO CIDADE,Hospital Zimpeto,2025,WK20,42,colera
MAPUTO CIDADE,Hospital Zimpeto,2025,WK21,45,colera
MAPUTO CIDADE,Hospital Zimpeto,2025,WK22,69,colera
MAPUTO CIDADE,Hospital Zimpeto,2025,WK23,39,colera
MAPUTO CIDADE,Hospital Zimpeto,2025,WK24,42,colera
MAPUTO CIDADE,Hospital Zimpeto,2025,WK25,37,colera
MAPUTO CIDADE,Hospital Zimpeto,2025,Wk26,61,colera
MAPUTO CIDADE,Hospital Zimpeto,2025,Wk27,51,colera
MAPUTO CIDADE,Hospital Zimpeto,2025,Wk28,63,colera
MAPUTO CIDADE,Hospital Zimpeto,2025,Wk29,40,colera
MAPUTO CIDADE,Hospital Zimpeto,2025,WK30,49,colera
MAPUTO CIDADE,Hospital Zimpeto,2025,Wk31,51,colera
MAPUTO CIDADE,Hospital Zimpeto,2025,WK32,67,colera
MAPUTO CIDADE,Hospital Zimpeto,2025,WK33,60,colera
MAPUTO CIDADE,Hospital Zimpeto,2025,Wk34,62,colera
MAPUTO CIDADE,Hospital Zimpeto,2025,Wk35,66,colera
MAPUTO CIDADE,Hospital Zimpeto,2025,WK36,56,colera
MAPUTO CIDADE,Hospital Zimpeto,2025,Wk37,44,colera
MAPUTO CIDADE,Hospital Zimpeto,2025,WK38,61,colera
MAPUTO CIDADE,Hospital Zimpeto,2025,Wk39,,colera
MAPUTO CIDADE,Hospital Zimpeto,2025,Wk40,41,colera
MAPUTO CIDADE,Hospital Zimpeto,2025,Wk41,,colera
MAPUTO CIDADE,Hospital Zimpeto,2025,Wk42,48,colera
MAPUTO CIDADE,Hospital Zimpeto,2025,Wk43,43,colera
MAPUTO CIDADE,Hospital Zimpeto,2025,Wk44,37,colera
MAPUTO CIDADE,Hospital Zimpeto,2025,Wk45,47,colera
MAPUTO CIDADE,Hospital Zimpeto,2025,Wk46,37,colera
MAPUTO CIDADE,Hospital Zimpeto,2025,Wk47,17,colera
MAPUTO CIDADE,Hospital Zimpeto,2025,Wk48,34,colera
MAPUTO CIDADE,Hospital Zimpeto,2025,Wk49,29,colera
MAPUTO CIDADE,Hospital Zimpeto,2025,Wk50,31,colera
MAPUTO CIDADE,Hospital Zimpeto,2025,Wk51,27,colera
MAPUTO CIDADE,Hospital Zimpeto,2025,Wk52,28,colera
MAPUTO CIDADE,Hospital Zimpeto,2026,WK1,,colera
MAPUTO CIDADE,Hospital Zimpeto,2026,Wk2,42,colera
MAPUTO CIDADE,Hospital Zimpeto,2026,Wk3,33,colera
MAPUTO CIDADE,Hospital Zimpeto,2026,Wk4,42,colera
MAPUTO CIDADE,Hospital Zimpeto,2026,Wk5,68,colera
MAPUTO CIDADE,Hospital Zimpeto,2026,Wk6,69,colera
MAPUTO CIDADE,Hospital Zimpeto,2026,Wk7,49,colera
MAPUTO CIDADE,Hospital Zimpeto,2026,Wk8,55,colera
MAPUTO CIDADE,Hospital Zimpeto,2026,Wk9,44,colera
MAPUTO CIDADE,CS Mavalane,2025,Wk1,23,colera
MAPUTO CIDADE,CS Mavalane,2025,WK2,,colera
MAPUTO CIDADE,CS Mavalane,2025,WK3,,colera
MAPUTO CIDADE,CS Mavalane,2025,WK4,,colera
MAPUTO CIDADE,CS Mavalane,2025,WK5,,colera
MAPUTO CIDADE,CS Mavalane,2025,WK6,,colera
MAPUTO CIDADE,CS Mavalane,2025,WK7,,colera
MAPUTO CIDADE,CS Mavalane,2025,WK8,,colera
MAPUTO CIDADE,CS Mavalane,2025,WK9,,colera
MAPUTO CIDADE,CS Mavalane,2025,WK10,,colera
MAPUTO CIDADE,CS Mavalane,2025,WK11,,colera
MAPUTO CIDADE,CS Mavalane,2025,WK12,,colera
MAPUTO CIDADE,CS Mavalane,2025,WK13,,colera
MAPUTO CIDADE,CS Mavalane,2025,WK14,,colera
MAPUTO CIDADE,CS Mavalane,2025,WK15,,colera
MAPUTO CIDADE,CS Mavalane,2025,WK16,,colera
MAPUTO CIDADE,CS Mavalane,2025,WK17,,colera
MAPUTO CIDADE,CS Mavalane,2025,WK18,,colera
MAPUTO CIDADE,CS Mavalane,2025,WK19,,colera
MAPUTO CIDADE,CS Mavalane,2025,WK20,,colera
MAPUTO CIDADE,CS Mavalane,2025,WK21,,colera
MAPUTO CIDADE,CS Mavalane,2025,WK22,,colera
MAPUTO CIDADE,CS Mavalane,2025,WK23,,colera
MAPUTO CIDADE,CS Mavalane,2025,WK24,,colera
MAPUTO CIDADE,CS Mavalane,2025,WK25,,colera
MAPUTO CIDADE,CS Mavalane,2025,Wk26,23,colera
MAPUTO CIDADE,CS Mavalane,2025,Wk27,13,colera
MAPUTO CIDADE,CS Mavalane,2025,Wk28,32,colera
MAPUTO CIDADE,CS Mavalane,2025,Wk29,15,colera
MAPUTO CIDADE,CS Mavalane,2025,WK30,,colera
MAPUTO CIDADE,CS Mavalane,2025,Wk31,19,colera
MAPUTO CIDADE,CS Mavalane,2025,WK32,,colera
MAPUTO CIDADE,CS Mavalane,2025,WK33,27,colera
MAPUTO CIDADE,CS Mavalane,2025,Wk34,21,colera
MAPUTO CIDADE,CS Mavalane,2025,Wk35,16,colera
MAPUTO CIDADE,CS Mavalane,2025,WK36,26,colera
MAPUTO CIDADE,CS Mavalane,2025,Wk37,22,colera
MAPUTO CIDADE,CS Mavalane,2025,WK38,38,colera
MAPUTO CIDADE,CS Mavalane,2025,Wk39,30,colera
MAPUTO CIDADE,CS Mavalane,2025,Wk40,,colera
MAPUTO CIDADE,CS Mavalane,2025,Wk41,36,colera
MAPUTO CIDADE,CS Mavalane,2025,Wk42,40,colera
MAPUTO CIDADE,CS Mavalane,2025,Wk43,30,colera
MAPUTO CIDADE,CS Mavalane,2025,Wk44,31,colera
MAPUTO CIDADE,CS Mavalane,2025,Wk45,34,colera
MAPUTO CIDADE,CS Mavalane,2025,Wk46,46,colera
MAPUTO CIDADE,CS Mavalane,2025,Wk47,45,colera
MAPUTO CIDADE,CS Mavalane,2025,Wk48,64,colera
MAPUTO CIDADE,CS Mavalane,2025,Wk49,36,colera
MAPUTO CIDADE,CS Mavalane,2025,Wk50,29,colera
MAPUTO CIDADE,CS Mavalane,2025,Wk51,,colera
MAPUTO CIDADE,CS Mavalane,2025,Wk52,,colera
MAPUTO CIDADE,CS Mavalane,2026,WK1,,colera
MAPUTO CIDADE,CS Mavalane,2026,Wk2,,colera
MAPUTO CIDADE,CS Mavalane,2026,Wk3,,colera
MAPUTO CIDADE,CS Mavalane,2026,Wk4,,colera
MAPUTO CIDADE,CS Mavalane,2026,Wk5,,colera
MAPUTO CIDADE,CS Mavalane,2026,Wk6,40,colera
MAPUTO CIDADE,CS Mavalane,2026,Wk7,106,colera
MAPUTO CIDADE,CS Mavalane,2026,Wk8,57,colera
MAPUTO CIDADE,CS Mavalane,2026,Wk9,38,colera
MAPUTO CIDADE,HG Mavalane,2025,Wk1,,colera
MAPUTO CIDADE,HG Mavalane,2025,WK2,,colera
MAPUTO CIDADE,HG Mavalane,2025,WK3,,colera
MAPUTO CIDADE,HG Mavalane,2025,WK4,,colera
MAPUTO CIDADE,HG Mavalane,2025,WK5,,colera
MAPUTO CIDADE,HG Mavalane,2025,WK6,,colera
MAPUTO CIDADE,HG Mavalane,2025,WK7,,colera
MAPUTO CIDADE,HG Mavalane,2025,WK8,,colera
MAPUTO CIDADE,HG Mavalane,2025,WK9,,colera
MAPUTO CIDADE,HG Mavalane,2025,WK10,,colera
MAPUTO CIDADE,HG Mavalane,2025,WK11,,colera
MAPUTO CIDADE,HG Mavalane,2025,WK12,,colera
MAPUTO CIDADE,HG Mavalane,2025,WK13,,colera
MAPUTO CIDADE,HG Mavalane,2025,WK14,,colera
MAPUTO CIDADE,HG Mavalane,2025,WK15,,colera
MAPUTO CIDADE,HG Mavalane,2025,WK16,,colera
MAPUTO CIDADE,HG Mavalane,2025,WK17,,colera
MAPUTO CIDADE,HG Mavalane,2025,WK18,,colera
MAPUTO CIDADE,HG Mavalane,2025,WK19,,colera
MAPUTO CIDADE,HG Mavalane,2025,WK20,,colera
MAPUTO CIDADE,HG Mavalane,2025,WK21,,colera
MAPUTO CIDADE,HG Mavalane,2025,WK22,,colera
MAPUTO CIDADE,HG Mavalane,2025,WK23,,colera
MAPUTO CIDADE,HG Mavalane,2025,WK24,,colera
MAPUTO CIDADE,HG Mavalane,2025,WK25,,colera
MAPUTO CIDADE,HG Mavalane,2025,Wk26,,colera
MAPUTO CIDADE,HG Mavalane,2025,Wk27,,colera
MAPUTO CIDADE,HG Mavalane,2025,Wk28,,colera
MAPUTO CIDADE,HG Mavalane,2025,Wk29,,colera
MAPUTO CIDADE,HG Mavalane,2025,WK30,,colera
MAPUTO CIDADE,HG Mavalane,2025,Wk31,,colera
MAPUTO CIDADE,HG Mavalane,2025,WK32,13,colera
MAPUTO CIDADE,HG Mavalane,2025,WK33,12,colera
MAPUTO CIDADE,HG Mavalane,2025,Wk34,16,colera
MAPUTO CIDADE,HG Mavalane,2025,Wk35,5,colera
MAPUTO CIDADE,HG Mavalane,2025,WK36,11,colera
MAPUTO CIDADE,HG Mavalane,2025,Wk37,8,colera
MAPUTO CIDADE,HG Mavalane,2025,WK38,9,colera
MAPUTO CIDADE,HG Mavalane,2025,Wk39,,colera
MAPUTO CIDADE,HG Mavalane,2025,Wk40,7,colera
MAPUTO CIDADE,HG Mavalane,2025,Wk41,,colera
MAPUTO CIDADE,HG Mavalane,2025,Wk42,3,colera
MAPUTO CIDADE,HG Mavalane,2025,Wk43,4,colera
MAPUTO CIDADE,HG Mavalane,2025,Wk44,7,colera
MAPUTO CIDADE,HG Mavalane,2025,Wk45,7,colera
MAPUTO CIDADE,HG Mavalane,2025,Wk46,12,colera
MAPUTO CIDADE,HG Mavalane,2025,Wk47,6,colera
MAPUTO CIDADE,HG Mavalane,2025,Wk48,3,colera
MAPUTO CIDADE,HG Mavalane,2025,Wk49,8,colera
MAPUTO CIDADE,HG Mavalane,2025,Wk50,11,colera
MAPUTO CIDADE,HG Mavalane,2025,Wk51,,colera
MAPUTO CIDADE,HG Mavalane,2025,Wk52,,colera
MAPUTO CIDADE,HG Mavalane,2026,WK1,,colera
MAPUTO CIDADE,HG Mavalane,2026,Wk2,,colera
MAPUTO CIDADE,HG Mavalane,2026,Wk3,,colera
MAPUTO CIDADE,HG Mavalane,2026,Wk4,,colera
MAPUTO CIDADE,HG Mavalane,2026,Wk5,,colera
MAPUTO CIDADE,HG Mavalane,2026,Wk6,46,colera
MAPUTO CIDADE,HG Mavalane,2026,Wk7,36,colera
MAPUTO CIDADE,HG Mavalane,2026,Wk8,23,colera
MAPUTO CIDADE,HG Mavalane,2026,Wk9,18,colera
